<?xml version="1.0"?>
<!--
  ~ Magestore
  ~
  ~ NOTICE OF LICENSE
  ~
  ~ This source file is subject to the Magestore.com license that is
  ~ available through the world-wide-web at this URL:
  ~ http://www.magestore.com/license-agreement.html
  ~
  ~ DISCLAIMER
  ~
  ~ Do not edit or add to this file if you wish to upgrade this extension to newer
  ~ version in the future.
  ~
  ~ @category    Magestore
  ~ @package     Magestore_Webpos
  ~ @copyright   Copyright (c) 2016 Magestore (http://www.magestore.com/)
  ~ @license     http://www.magestore.com/license-agreement.html
  -->
<config>
    <api2>
        <resources>
            <webpos_return_product translate="title" module="api2">
                <group>webpos</group>
                <sort_order>100</sort_order>
                <model>webposreturnproduct/api2_returnProduct</model>
                <title>Web POS</title>
                <privileges>
                    <admin>
                        <retrieve>1</retrieve>
                        <update>1</update>
                        <delete>1</delete>
                    </admin>
                </privileges>
                <routes>
                    <route_return_product>
                        <route>/webpos/return-product</route>
                        <action_type>return_product</action_type>
                    </route_return_product>
                </routes>
                <versions>1</versions>
            </webpos_return_product>
        </resources>
    </api2>
</config>
