<?xml version="1.0"?>
<!--
/**
 * Magestore
 * 
 * NOTICE OF LICENSE
 * 
 * This source file is subject to the Magestore.com license that is
 * available through the world-wide-web at this URL:
 * http://www.magestore.com/license-agreement.html
 * 
 * DISCLAIMER
 * 
 * Do not edit or add to this file if you wish to upgrade this extension to newer
 * version in the future.
 * 
 * @category    Magestore
 * @package     Magestore_Webpospaypal
 * @copyright   Copyright (c) 2016 Magestore (http://www.magestore.com/)
 * @license     http://www.magestore.com/license-agreement.html
 */
-->
<config>
    <tabs>
        <magestore translate="label">
            <label>Magestore Extension</label>
            <sort_order>400</sort_order>
        </magestore>
    </tabs>
    <sections>
        <webpos translate="label" module="webpos">
            <class>separator-top</class>
            <label>Web POS</label>
            <tab>magestore</tab>
            <frontend_type>text</frontend_type>
            <sort_order>300</sort_order>
            <show_in_default>1</show_in_default>
            <show_in_website>1</show_in_website>
            <show_in_store>1</show_in_store>
            <groups>
                <payment translate="label">
                    <label>Payment for POS</label>
                    <frontend_type>text</frontend_type>
                    <sort_order>26</sort_order>
                    <show_in_default>1</show_in_default>
                    <show_in_website>1</show_in_website>
                    <show_in_store>1</show_in_store>
                    <fields>
                        <paypal_separator translate="label comment">
                            <label>Paypal Integration (App only)</label>
                            <frontend_type>label</frontend_type>
                            <frontend_model>webpos/adminhtml_system_config_form_field_separator</frontend_model>
                            <margin_top>10px</margin_top>
                            <sort_order>200</sort_order>
                            <show_in_default>1</show_in_default>
                            <show_in_website>1</show_in_website>
                            <show_in_store>1</show_in_store>
                            <comment></comment>
                        </paypal_separator>
                        <paypal_enable translate="label">
                            <label>Allow customer pay via paypal</label>
                            <frontend_type>select</frontend_type>
                            <source_model>adminhtml/system_config_source_yesno</source_model>
                            <sort_order>205</sort_order>
                            <show_in_default>1</show_in_default>
                            <show_in_website>1</show_in_website>
                            <show_in_store>0</show_in_store>
                        </paypal_enable>
                        <paypal_client_id translate="label comment">
                            <label>Your Application Client ID</label>
                            <frontend_type>text</frontend_type>
                            <sort_order>210</sort_order>
                            <show_in_default>1</show_in_default>
                            <show_in_website>1</show_in_website>
                            <show_in_store>1</show_in_store>
                            <depends>
                                <paypal_enable>1</paypal_enable>
                            </depends>
                            <comment></comment>
                        </paypal_client_id>
                        <paypal_client_secret translate="label comment">
                            <label>Your Application Client Secret</label>
                            <frontend_type>text</frontend_type>
                            <sort_order>210</sort_order>
                            <show_in_default>1</show_in_default>
                            <show_in_website>1</show_in_website>
                            <show_in_store>1</show_in_store>
                            <depends>
                                <paypal_enable>1</paypal_enable>
                            </depends>
                            <comment></comment>
                        </paypal_client_secret>
                        <paypal_is_sandbox translate="label comment">
                            <label>Sandbox Mode</label>
                            <frontend_type>select</frontend_type>
                            <source_model>adminhtml/system_config_source_yesno</source_model>
                            <sort_order>220</sort_order>
                            <show_in_default>1</show_in_default>
                            <show_in_website>1</show_in_website>
                            <show_in_store>1</show_in_store>
                            <depends>
                                <paypal_enable>1</paypal_enable>
                            </depends>
                            <comment></comment>
                        </paypal_is_sandbox>
                        <paypal_enable_paypalhere translate="label comment">
                            <label>Allow paypal here</label>
                            <frontend_type>select</frontend_type>
                            <source_model>adminhtml/system_config_source_yesno</source_model>
                            <sort_order>220</sort_order>
                            <show_in_default>1</show_in_default>
                            <show_in_website>1</show_in_website>
                            <show_in_store>1</show_in_store>
                            <depends>
                                <paypal_enable>1</paypal_enable>
                            </depends>
                            <comment></comment>
                        </paypal_enable_paypalhere>
                        <paypal_redirect_url translate="label comment">
                            <label>Redirect Url</label>
                            <frontend_model>webpospaypal/adminhtml_config_redirect</frontend_model>
                            <sort_order>230</sort_order>
                            <show_in_default>1</show_in_default>
                            <show_in_website>1</show_in_website>
                            <show_in_store>1</show_in_store>
                            <depends>
                                <paypal_enable_paypalhere>1</paypal_enable_paypalhere>
                            </depends>
                            <comment>Copy and paste this link into your paypal app</comment>
                        </paypal_redirect_url>
                        <paypal_paypalhere_signin translate="label comment">
                            <label></label>
                            <frontend_type>button</frontend_type>
                            <frontend_model>webpospaypal/adminhtml_config_paypalsignin</frontend_model>
                            <sort_order>240</sort_order>
                            <show_in_default>1</show_in_default>
                            <show_in_website>1</show_in_website>
                            <show_in_store>1</show_in_store>
                            <depends>
                                <paypal_enable_paypalhere>1</paypal_enable_paypalhere>
                            </depends>
                        </paypal_paypalhere_signin>
                    </fields>
                </payment>
            </groups>
        </webpos>
    </sections>
</config>