<?xml version="1.0"?>
<!--
  ~ Magestore
  ~
  ~ NOTICE OF LICENSE
  ~
  ~ This source file is subject to the Magestore.com license that is
  ~ available through the world-wide-web at this URL:
  ~ http://www.magestore.com/license-agreement.html
  ~
  ~ DISCLAIMER
  ~
  ~ Do not edit or add to this file if you wish to upgrade this extension to newer
  ~ version in the future.
  ~
  ~ @category    Magestore
  ~ @package     Magestore_Webpos
  ~ @copyright   Copyright (c) 2016 Magestore (http://www.magestore.com/)
  ~ @license     http://www.magestore.com/license-agreement.html
  -->
<config>
    <modules>
        <Magestore_WebposCustomization>
            <active>true</active>
            <codePool>local</codePool>
			<erp>
                <isERPmodule>true</isERPmodule>
            </erp>
            <depends>
                <Magestore_Webpos />
                <Magestore_Giftvoucher />
            </depends>
        </Magestore_WebposCustomization>
    </modules>
</config>