<?xml version="1.0"?>
<config xmlns:xsi="http://www.w3.org/2001/XMLSchema-instance" xsi:noNamespaceSchemaLocation="urn:magento:framework:ObjectManager/etc/config.xsd">
    <type name="Orientaldentistry\Membermanagement\Model\ResourceModel\Member\Member\Grid\Collection">
        <arguments>
            <argument name="mainTable" xsi:type="string">orientaldentistry_membermanagement</argument>
            <argument name="eventPrefix" xsi:type="string">orientaldentistry_membermanagement_grid_collection</argument>
            <argument name="eventObject" xsi:type="string">member_grid_collection</argument>
            <argument name="resourceModel" xsi:type="string">Orientaldentistry\Membermanagement\Model\ResourceModel\Member\Member</argument>
        </arguments>
    </type>
    <type name="Magento\Framework\View\Element\UiComponent\DataProvider\CollectionFactory">
        <arguments>
            <argument name="collections" xsi:type="array">
                <item name="membermanagement_member_listing_data_source" xsi:type="string">Orientaldentistry\Membermanagement\Model\ResourceModel\Member\Member\Grid\Collection</item>
            </argument>
        </arguments>
    </type>
</config>
